"_c0","request_log_date"
"114924","2018-08-01"
"102180","2018-08-02"
"72711","2018-08-03"
"73115","2018-08-04"
"47215","2018-08-05"
"98475","2018-08-06"
"90929","2018-08-07"
"102007","2018-08-08"
"85730","2018-08-09"
"75633","2018-08-10"
"69321","2018-08-11"
"53324","2018-08-12"
"97341","2018-08-13"
"85568","2018-08-14"
"50923","2018-08-15"
"101672","2018-08-16"
"69105","2018-08-17"
"66429","2018-08-18"
"38337","2018-08-19"
"75686","2018-08-20"
"72581","2018-08-21"
"59227","2018-08-22"
"63037","2018-08-23"
"65138","2018-08-24"
"49132","2018-08-25"
"34742","2018-08-26"
"86236","2018-08-27"
"91165","2018-08-28"
"66059","2018-08-29"
"72522","2018-08-30"
"58400","2018-08-31"
"49636","2018-09-01"
"30354","2018-09-02"
"71622","2018-09-03"
"80240","2018-09-04"
"82042","2018-09-05"
"75358","2018-09-06"
"58134","2018-09-07"
"65408","2018-09-08"
"40429","2018-09-09"
"86057","2018-09-10"
"78055","2018-09-11"
"73998","2018-09-12"
"70292","2018-09-13"
"57526","2018-09-14"
"54506","2018-09-15"
"27361","2018-09-16"
"78327","2018-09-17"
"87385","2018-09-18"
"85796","2018-09-19"
"77491","2018-09-20"
"63298","2018-09-21"
"47383","2018-09-22"
"29682","2018-09-23"
"72070","2018-09-24"
"77675","2018-09-25"
"85511","2018-09-26"
"89904","2018-09-27"
"67217","2018-09-28"
"65059","2018-09-29"
"37117","2018-09-30"
"99928","2018-10-24"
"85576","2018-10-25"
"77275","2018-10-26"
"61094","2018-10-27"
"45946","2018-10-28"
"98272","2018-10-29"
"101122","2018-10-30"
"102091","2018-10-31"
"94579","2018-11-01"
"72252","2018-11-02"
"64725","2018-11-03"
"51655","2018-11-04"
"103442","2018-11-05"
"75684","2018-11-06"
"58205","2018-11-07"
"63474","2018-11-08"
"60401","2018-11-09"
"50680","2018-11-10"
"59368","2018-11-11"
"103348","2018-11-12"
"109322","2018-11-13"
"101791","2018-11-14"
"101993","2018-11-15"
"76480","2018-11-16"
"60967","2018-11-17"
"48320","2018-11-18"
"104718","2018-11-19"
"102220","2018-11-20"
"115953","2018-11-21"
"110323","2018-11-22"
"107675","2018-11-23"
"69513","2018-11-24"
"51313","2018-11-25"
"102771","2018-11-26"
"116285","2018-11-27"
"104886","2018-11-28"
"104025","2018-11-29"
"80831","2018-11-30"
"110113","2018-12-06"
"76417","2018-12-07"
"57625","2018-12-08"
"52836","2018-12-09"
"104703","2018-12-10"
"107162","2018-12-11"
"93033","2018-12-12"
"96251","2018-12-13"
"85010","2018-12-14"
"70003","2018-12-15"
"52188","2018-12-16"
"121473","2018-12-17"
"123685","2018-12-18"
"108864","2018-12-19"
"109619","2018-12-20"
"93130","2018-12-21"
"73566","2018-12-22"
"52649","2018-12-23"
"91967","2018-12-24"
"67812","2018-12-25"
"91816","2018-12-26"
"93625","2018-12-27"
"82696","2018-12-28"
"67457","2018-12-29"
"47069","2018-12-30"
"68356","2018-12-31"
"72087","2019-01-01"
"123979","2019-01-02"
"110662","2019-01-03"
"109221","2019-01-04"
"76353","2019-01-05"
"60619","2019-01-06"
"129612","2019-01-07"
"128007","2019-01-08"
"113049","2019-01-09"
"95517","2019-01-10"
"86333","2019-01-11"
"65197","2019-01-12"
"56045","2019-01-13"
"103177","2019-01-14"
"101101","2019-01-15"
"113604","2019-01-16"
"105248","2019-01-17"
"94925","2019-01-18"
"71697","2019-01-19"
"64007","2019-01-20"
"129202","2019-01-21"
"117227","2019-01-22"
"121978","2019-01-23"
"122640","2019-01-24"
"88450","2019-01-25"
"57666","2019-01-26"
"64927","2019-01-27"
"132924","2019-01-28"
"131152","2019-01-29"
"144706","2019-01-30"
"129581","2019-01-31"
"99985","2019-02-01"
"78785","2019-02-02"
"60110","2019-02-03"
"134964","2019-02-04"
"101346","2019-02-05"
"111","2019-02-07"
"77074","2019-02-08"
"87422","2019-02-09"
"63049","2019-02-10"
"142261","2019-02-11"
"143952","2019-02-12"
"141571","2019-02-13"
"144038","2019-02-14"
"113987","2019-02-15"
"80224","2019-02-16"
"66774","2019-02-17"
"116088","2019-02-18"
"7069","2019-02-19"
"4227","2019-02-20"
"10399","2019-02-21"
"8938","2019-02-22"
"13583","2019-02-23"
"16115","2019-02-24"
"34807","2019-02-25"
"122027","2019-02-26"
"119682","2019-02-27"
"127391","2019-02-28"
"104732","2019-03-01"
"83358","2019-03-02"
"56850","2019-03-03"
"116721","2019-03-04"
"127028","2019-03-05"
"81555","2019-03-06"
"124173","2019-03-07"
"81976","2019-03-08"
"79030","2019-03-09"
"56863","2019-03-10"
"129368","2019-03-11"
"133553","2019-03-12"
"129961","2019-03-13"
"133820","2019-03-14"
"100284","2019-03-15"
"99557","2019-03-16"
"54790","2019-03-17"
"126707","2019-03-18"
"133286","2019-03-19"
"119591","2019-03-20"
"68378","2019-03-21"
"109776","2019-03-22"
"74560","2019-03-23"
"49914","2019-03-24"
"114837","2019-03-25"
"109598","2019-03-26"
"118951","2019-03-27"
"109295","2019-03-28"
"78194","2019-03-29"
"72353","2019-03-30"
"48504","2019-03-31"
"131873","2019-04-01"
"119402","2019-04-02"
"136249","2019-04-03"
"135045","2019-04-04"
"113967","2019-04-05"
"97724","2019-04-06"
"68126","2019-04-07"
"154825","2019-04-08"
"147313","2019-04-09"
"126389","2019-04-10"
"91126","2019-04-11"
"118273","2019-04-12"
"107559","2019-04-13"
"68804","2019-04-14"
"148580","2019-04-15"
"149469","2019-04-16"
"146682","2019-04-17"
"139521","2019-04-18"
"94108","2019-04-19"
"85455","2019-04-20"
"63737","2019-04-21"
"150552","2019-04-22"
"151064","2019-04-23"
"135204","2019-04-24"
"145158","2019-04-25"
"114605","2019-04-26"
"93875","2019-04-27"
"59717","2019-04-28"
"134888","2019-04-29"
"128858","2019-04-30"
"108930","2019-05-01"
"135754","2019-05-02"
"128933","2019-05-03"
"89520","2019-05-04"
"52312","2019-05-05"
"137508","2019-05-06"
"122007","2019-05-07"
"130740","2019-05-08"
"133149","2019-05-09"
"115267","2019-05-10"
"84140","2019-05-11"
"52657","2019-05-12"
"136590","2019-05-13"
"151253","2019-05-14"
"128961","2019-05-15"
"116299","2019-05-16"
"125333","2019-05-17"
"99097","2019-05-18"
"56644","2019-05-19"
"123928","2019-05-20"
"140140","2019-05-21"
"153617","2019-05-22"
"143157","2019-05-23"
"119376","2019-05-24"
"92056","2019-05-25"
"47187","2019-05-26"
"148042","2019-05-27"
"130460","2019-05-28"
"153900","2019-05-29"
"133054","2019-05-30"
"107336","2019-05-31"
"98769","2019-06-01"
"57403","2019-06-02"
"140760","2019-06-03"
"115279","2019-06-04"
"108513","2019-06-05"
"116220","2019-06-06"
"117954","2019-06-07"
"88870","2019-06-08"
"41372","2019-06-09"
"136166","2019-06-10"
"142932","2019-06-11"
"144747","2019-06-12"
"137409","2019-06-13"
"77385","2019-06-14"
"50591","2019-06-16"
"147326","2019-06-17"
"152999","2019-06-18"
"147597","2019-06-19"
"121148","2019-06-21"
